{
  "base": {
    "loss": 1.6944408416748047,
    "perplexity": 5.443601279087084
  },
  "cpt_v1": {
    "loss": 1.6124837398529053,
    "perplexity": 5.015252353320577
  },
  "cpt_v2": {
    "loss": 1.58492910861969,
    "perplexity": 4.878945491072337
  }
}