{
  "b003-q-def-vs-can": {
    "base": 0.8814041614532471,
    "cpt_v1": 0.8647600412368774,
    "cpt_v2": 0.9176406860351562
  },
  "b000-q-walker-path": {
    "base": 0.724435031414032,
    "cpt_v1": 0.7089255452156067,
    "cpt_v2": 0.6889692544937134
  },
  "b000-q-client-rpc": {
    "base": 0.6016908288002014,
    "cpt_v1": 0.5773781538009644,
    "cpt_v2": 0.594010055065155
  },
  "b003-q-here-vs-self": {
    "base": 0.9409354329109192,
    "cpt_v1": 0.929973304271698,
    "cpt_v2": 0.9461382627487183
  },
  "b001-q-backend-no-frontend": {
    "base": 0.8378657102584839,
    "cpt_v1": 0.8447728157043457,
    "cpt_v2": 0.8245847821235657
  },
  "b001-q-pipe-op-types": {
    "base": 0.8424932956695557,
    "cpt_v1": 0.8943532705307007,
    "cpt_v2": 0.8966173529624939
  },
  "b001-q-connect-return-value": {
    "base": 0.8774515390396118,
    "cpt_v1": 0.8804287910461426,
    "cpt_v2": 0.8793994188308716
  },
  "b000-q-spawn-pipe": {
    "base": 0.8247143626213074,
    "cpt_v1": 0.7926812767982483,
    "cpt_v2": 0.8458250164985657
  },
  "b000-q-llm-default-config": {
    "base": 0.7397725582122803,
    "cpt_v1": 0.7297329902648926,
    "cpt_v2": 0.7596651911735535
  },
  "b003-q-typed-edges-gradual": {
    "base": 0.9399704933166504,
    "cpt_v1": 0.8941668272018433,
    "cpt_v2": 0.9210296869277954
  },
  "b002-q-dom-ref": {
    "base": 0.7854064702987671,
    "cpt_v1": 0.8006589412689209,
    "cpt_v2": 0.7985464930534363
  },
  "b000-q-def-vs-walker": {
    "base": 0.8634105920791626,
    "cpt_v1": 0.7938533425331116,
    "cpt_v2": 0.8167135119438171
  },
  "b003-q-client-app-layout": {
    "base": 0.8567649722099304,
    "cpt_v1": 0.8675012588500977,
    "cpt_v2": 0.836304783821106
  },
  "b002-q-two-hop-traversal": {
    "base": 0.8313266038894653,
    "cpt_v1": 0.861564576625824,
    "cpt_v2": 0.8561129570007324
  },
  "b000-q-scale-k8s-steps": {
    "base": 0.871662974357605,
    "cpt_v1": 0.8656899929046631,
    "cpt_v2": 0.8737279772758484
  },
  "b000-q-report-order": {
    "base": 0.7915338277816772,
    "cpt_v1": 0.7708678245544434,
    "cpt_v2": 0.7678899168968201
  },
  "b000-q-as-cast": {
    "base": 0.8361284732818604,
    "cpt_v1": 0.8119913339614868,
    "cpt_v2": 0.8559191823005676
  },
  "b001-q-walker-ability-dispatch": {
    "base": 0.7888567447662354,
    "cpt_v1": 0.7966026663780212,
    "cpt_v2": 0.7500854730606079
  },
  "b001-q-spawn-walkthrough": {
    "base": 0.8835912942886353,
    "cpt_v1": 0.8412038087844849,
    "cpt_v2": 0.8715116381645203
  },
  "b002-q-dict-merge": {
    "base": 0.7333651781082153,
    "cpt_v1": 0.7333651781082153,
    "cpt_v2": 0.7074403762817383
  },
  "b003-q-walker-after-spawn": {
    "base": 0.8666782379150391,
    "cpt_v1": 0.8656389117240906,
    "cpt_v2": 0.8949106335639954
  },
  "b003-q-any-inference": {
    "base": 0.9308649897575378,
    "cpt_v1": 0.930406928062439,
    "cpt_v2": 0.9355071187019348
  },
  "b002-q-library-mode-why": {
    "base": 0.7468517422676086,
    "cpt_v1": 0.744209885597229,
    "cpt_v2": 0.7532777786254883
  },
  "b000-q-visit-queue": {
    "base": 0.8466144800186157,
    "cpt_v1": 0.8518185019493103,
    "cpt_v2": 0.8424491286277771
  },
  "b003-q-graph-testing": {
    "base": 0.7527867555618286,
    "cpt_v1": 0.8561078310012817,
    "cpt_v2": 0.7514801621437073
  },
  "b003-q-import-vs-include": {
    "base": 0.8962641954421997,
    "cpt_v1": 0.9284351468086243,
    "cpt_v2": 0.9033205509185791
  },
  "b002-q-bidirectional-friendship": {
    "base": 0.6851876974105835,
    "cpt_v1": 0.6987026929855347,
    "cpt_v2": 0.6795382499694824
  },
  "b001-q-deferred-exit-order": {
    "base": 0.8287560939788818,
    "cpt_v1": 0.8431811332702637,
    "cpt_v2": 0.829211413860321
  },
  "b002-q-unimplemented-primitive": {
    "base": 0.8288357257843018,
    "cpt_v1": 0.7981919050216675,
    "cpt_v2": 0.8128135204315186
  },
  "b003-q-walker-state-fields": {
    "base": 0.8865410685539246,
    "cpt_v1": 0.8969911932945251,
    "cpt_v2": 0.8860807418823242
  },
  "b001-q-sv-import-remote": {
    "base": 0.7817772030830383,
    "cpt_v1": 0.9027640223503113,
    "cpt_v2": 0.9015892148017883
  },
  "b000-q-osp-why-agents": {
    "base": 0.8387409448623657,
    "cpt_v1": 0.8588930368423462,
    "cpt_v2": 0.8414983749389648
  },
  "b000-q-spawn-no-visit": {
    "base": 0.768442690372467,
    "cpt_v1": 0.7580487728118896,
    "cpt_v2": 0.7861028909683228
  },
  "b003-q-persist-reachability": {
    "base": 0.575285792350769,
    "cpt_v1": 0.6025351285934448,
    "cpt_v2": 0.5906835794448853
  },
  "b001-q-jac-dir-artifacts": {
    "base": 0.5329854488372803,
    "cpt_v1": 0.5484957098960876,
    "cpt_v2": 0.5296387076377869
  },
  "b003-q-core-plugin-pinning": {
    "base": 0.8385590314865112,
    "cpt_v1": 0.9377143979072571,
    "cpt_v2": 0.8943581581115723
  },
  "b000-q-cleanup-entry": {
    "base": 0.824418306350708,
    "cpt_v1": 0.8592085242271423,
    "cpt_v2": 0.8086689114570618
  },
  "b003-q-report-stdout": {
    "base": 0.799414336681366,
    "cpt_v1": 0.8051227331161499,
    "cpt_v2": 0.829473078250885
  },
  "b001-q-edge-attr-filter": {
    "base": 0.695624053478241,
    "cpt_v1": 0.6895059943199158,
    "cpt_v2": 0.7143630385398865
  },
  "b003-q-func-vs-walker-endpoint": {
    "base": 0.8821412920951843,
    "cpt_v1": 0.8671656250953674,
    "cpt_v2": 0.8838518857955933
  },
  "b003-q-by-llm-body": {
    "base": 0.909365177154541,
    "cpt_v1": 0.9087669253349304,
    "cpt_v2": 0.8242886662483215
  },
  "b001-q-generic-entry": {
    "base": 0.6607617139816284,
    "cpt_v1": 0.7163912057876587,
    "cpt_v2": 0.7110775113105774
  },
  "b000-q-stack-replacement": {
    "base": 0.8991892337799072,
    "cpt_v1": 0.8965393304824829,
    "cpt_v2": 0.8966456055641174
  },
  "b001-q-remote-walker-spawn": {
    "base": 0.7763608694076538,
    "cpt_v1": 0.8052009344100952,
    "cpt_v2": 0.8175093531608582
  },
  "b001-q-type-filter-query": {
    "base": 0.7610475420951843,
    "cpt_v1": 0.7721413373947144,
    "cpt_v2": 0.771143913269043
  },
  "b001-q-walker-pub-endpoint": {
    "base": 0.9224866628646851,
    "cpt_v1": 0.9070867300033569,
    "cpt_v2": 0.9170002937316895
  },
  "b000-q-generic-entry": {
    "base": 0.8160620331764221,
    "cpt_v1": 0.8388900756835938,
    "cpt_v2": 0.8121111989021301
  },
  "b002-q-func-vs-walker-endpoint": {
    "base": 0.7380211353302002,
    "cpt_v1": 0.8896934390068054,
    "cpt_v2": 0.8658962249755859
  },
  "b002-q-root-vs-node-spawn": {
    "base": 0.7468017339706421,
    "cpt_v1": 0.7440136075019836,
    "cpt_v2": 0.8231375217437744
  },
  "b000-q-test-exceptions": {
    "base": 0.8482828140258789,
    "cpt_v1": 0.8904160857200623,
    "cpt_v2": 0.8702593445777893
  },
  "b001-q-skip-vs-disengage": {
    "base": 0.8235218524932861,
    "cpt_v1": 0.831547200679779,
    "cpt_v2": 0.8524491786956787
  },
  "b000-q-traversal-order": {
    "base": 0.888607382774353,
    "cpt_v1": 0.8867861032485962,
    "cpt_v2": 0.8716372847557068
  },
  "b002-q-route-groups": {
    "base": 0.8365059494972229,
    "cpt_v1": 0.7188548445701599,
    "cpt_v2": 0.7539831399917603
  },
  "b001-q-typed-vs-generic-edge": {
    "base": 0.784855306148529,
    "cpt_v1": 0.7917674779891968,
    "cpt_v2": 0.7694272398948669
  },
  "b001-q-remote-report-type": {
    "base": 0.8271925449371338,
    "cpt_v1": 0.8055933117866516,
    "cpt_v2": 0.8569340109825134
  },
  "b000-q-forgot-password-200": {
    "base": 0.873221755027771,
    "cpt_v1": 0.869133472442627,
    "cpt_v2": 0.8606545329093933
  },
  "b000-q-decl-impl-folders": {
    "base": 0.6988996267318726,
    "cpt_v1": 0.7821782827377319,
    "cpt_v2": 0.880366325378418
  },
  "b003-q-report-on-root-exit": {
    "base": 0.8874675631523132,
    "cpt_v1": 0.9117405414581299,
    "cpt_v2": 0.893305242061615
  },
  "b001-q-jac-binary-dist": {
    "base": 0.7889811396598816,
    "cpt_v1": 0.8768025636672974,
    "cpt_v2": 0.8681105375289917
  },
  "b001-q-decl-as-spec": {
    "base": 0.8795056939125061,